date,n_trades,n_active_accounts,total_volume_usd,total_realized_pnl,avg_trade_size_usd,n_buy,n_sell,long_short_ratio,classification,sentiment_simple,value,win_rate
2023-05-01,3,1,477.0,0.0,159.0,3,0,inf,Greed,Greed,63,
2023-12-05,9,1,50005.83,0.0,5556.203333333334,7,2,3.5,Extreme Greed,Greed,75,
2023-12-14,11,1,113203.35,-205.43473700000007,10291.213636363636,5,6,0.8333333333333334,Greed,Greed,72,0.6666666666666666
2023-12-15,2,1,10609.95,-24.632033999999997,5304.975,2,0,inf,Greed,Greed,70,0.0
2023-12-16,3,1,15348.77,0.0,5116.256666666667,3,0,inf,Greed,Greed,67,
2023-12-17,14,1,116278.02,304.982785,8305.572857142857,3,11,0.2727272727272727,Greed,Greed,73,0.6363636363636364
2023-12-18,2,1,31164.179999999997,0.0,15582.089999999998,2,0,inf,Greed,Greed,65,
2023-12-19,15,1,91602.41,1000.5386120000001,6106.827333333334,5,10,0.5,Greed,Greed,73,1.0
2023-12-20,18,1,141636.79,162.732282,7868.710555555556,10,8,1.25,Greed,Greed,74,1.0
2023-12-21,49,1,125233.97,537.211402,2555.795306122449,22,27,0.8148148148148148,Greed,Greed,70,0.9629629629629629
2023-12-22,10,1,88874.28,141.832675,8887.428,8,2,4.0,Greed,Greed,74,1.0
2023-12-23,13,1,78438.25,146.936704,6033.711538461538,5,8,0.625,Greed,Greed,70,1.0
2023-12-24,39,1,402954.94,1008.619956,10332.177948717948,21,18,1.1666666666666667,Greed,Greed,71,0.8823529411764706
2023-12-25,3,1,59948.51,-245.081348,19982.836666666666,2,1,2.0,Greed,Greed,73,0.0
2023-12-27,28,1,171411.06,-704.8892269999999,6121.823571428571,15,13,1.1538461538461537,Greed,Greed,73,0.3076923076923077
2023-12-28,23,1,100117.25,-970.730876,4352.923913043478,10,13,0.7692307692307693,Greed,Greed,73,0.0
2023-12-29,50,1,569559.72,508.92214299999995,11391.1944,31,19,1.631578947368421,Greed,Greed,65,0.75
2023-12-30,52,1,702550.21,354.998648,13510.58096153846,20,32,0.625,Greed,Greed,68,0.696969696969697
2024-01-01,18,1,264239.52999999997,-129.53146,14679.973888888888,10,8,1.25,Greed,Greed,65,0.16666666666666666
2024-01-02,17,1,121348.74,783.979116,7138.1611764705885,9,8,1.125,Greed,Greed,71,0.8888888888888888
2024-01-03,67,1,394499.36,866.015507,5888.050149253731,32,35,0.9142857142857143,Greed,Greed,70,0.8
2024-01-04,5,1,99792.54000000001,-67.60364,19958.508,2,3,0.6666666666666666,Greed,Greed,68,0.0
2024-01-05,66,1,1703942.66,164.141565,25817.31303030303,31,35,0.8857142857142857,Greed,Greed,72,0.5652173913043478
2024-01-06,22,1,298521.4,135.58166400000002,13569.154545454547,11,11,1.0,Greed,Greed,70,0.8333333333333334
2024-01-07,97,1,1048850.06,-835.681235,10812.887216494846,52,45,1.1555555555555554,Greed,Greed,71,0.24324324324324326
2024-01-08,128,1,1522452.43,-269.874439,11894.159609375,40,88,0.45454545454545453,Greed,Greed,71,0.47761194029850745
2024-01-09,70,1,870051.97,-826.349863,12429.313857142857,28,42,0.6666666666666666,Extreme Greed,Greed,76,0.6428571428571429
2024-01-10,193,1,2057479.48,-1517.091342,10660.515440414507,92,101,0.9108910891089109,Greed,Greed,73,0.4939759036144578
2024-01-11,21,2,305314.1,-164.08950099999998,14538.766666666666,13,8,1.625,Extreme Greed,Greed,76,0.5555555555555556
2024-01-12,7,1,200082.27,-1925.519024,28583.181428571428,5,2,2.5,Greed,Greed,71,0.0
2024-01-15,14,2,50636.1,152.85358,3616.8642857142854,5,9,0.5555555555555556,Neutral,Neutral,52,1.0
2024-01-16,9,2,116427.33,-2299.171458,12936.37,4,5,0.8,Greed,Greed,64,0.6
2024-01-17,53,1,800831.03,813.2741110000001,15110.019433962265,31,22,1.4090909090909092,Greed,Greed,60,0.5789473684210527
2024-01-18,46,1,424631.52999999997,68.93319,9231.120217391304,18,28,0.6428571428571429,Greed,Greed,63,0.3333333333333333
2024-01-19,48,2,428428.97,-385.419235,8925.603541666665,31,17,1.8235294117647058,Neutral,Neutral,51,0.2222222222222222
2024-01-20,106,1,1070090.51,-146.57487000000003,10095.193490566038,60,46,1.3043478260869565,Neutral,Neutral,52,0.46875
2024-01-21,11,1,103129.74,266.58114600000005,9375.43090909091,3,8,0.375,Greed,Greed,56,0.6
2024-01-22,85,2,337878.99,1375.640959,3975.0469411764707,51,34,1.5,Greed,Greed,55,0.5609756097560976
2024-01-23,45,1,414518.93000000005,-369.2447299999998,9211.531777777778,33,12,2.75,Neutral,Neutral,50,0.55
2024-01-24,68,1,965084.59,-2808.353815,14192.42044117647,27,41,0.6585365853658537,Neutral,Neutral,48,0.25
2024-01-25,6,1,66566.13,-3093.6293849999997,11094.355000000001,0,6,0.0,Neutral,Neutral,52,0.0
2024-01-26,5,2,11773.21,90.2,2354.642,4,1,4.0,Neutral,Neutral,49,1.0
2024-01-28,11,1,18109.03,-2478.06972,1646.2754545454545,0,11,0.0,Neutral,Neutral,54,0.0
2024-01-29,74,2,414208.18,486.562542,5597.407837837838,21,53,0.39622641509433965,Greed,Greed,55,1.0
2024-01-30,49,1,401011.38,-173.65419100000003,8183.905714285715,28,21,1.3333333333333333,Greed,Greed,61,0.2631578947368421
2024-01-31,859,1,6305647.13,-799.840817,7340.683504074505,470,389,1.2082262210796915,Greed,Greed,60,0.5298165137614679
2024-02-01,6,1,2008.18,0.0,334.69666666666666,6,0,inf,Greed,Greed,63,
2024-02-02,42,1,474278.43,456.423473,11292.343571428572,19,23,0.8260869565217391,Greed,Greed,63,0.6190476190476191
2024-02-03,56,1,603820.0,223.30918699999998,10782.5,18,38,0.47368421052631576,Greed,Greed,60,0.5
2024-02-04,35,1,203187.53,47.62389499999999,5805.358,19,16,1.1875,Greed,Greed,60,0.32142857142857145
2024-02-05,72,1,770198.26,-33.45419400000003,10697.198055555556,33,39,0.8461538461538461,Greed,Greed,60,0.4375
2024-02-06,1088,1,8047153.41,-215.615907,7396.280707720588,518,570,0.9087719298245615,Greed,Greed,64,0.3422562141491396
2024-02-07,15,1,6758.73,241.24212,450.582,7,8,0.875,Greed,Greed,62,1.0
2024-02-08,10,1,26051.12,770.756024,2605.112,2,8,0.25,Greed,Greed,66,1.0
2024-02-11,34,1,212311.82,983.443176,6244.465294117647,23,11,2.090909090909091,Greed,Greed,71,1.0
2024-02-12,16,1,227247.69999999998,913.8817869999998,14202.981249999999,11,5,2.2,Greed,Greed,70,0.4
2024-02-13,14,1,1999.99,559.44389,142.85642857142858,0,14,0.0,Extreme Greed,Greed,79,1.0
2024-02-14,111,2,320839.88,3830.599833,2890.4493693693694,34,77,0.44155844155844154,Greed,Greed,74,0.9880952380952381
2024-02-15,63,2,185188.04,1840.797677,2939.4926984126987,52,11,4.7272727272727275,Greed,Greed,72,0.95
2024-02-16,182,2,564896.51,5491.768834,3103.826978021978,115,67,1.7164179104477613,Greed,Greed,72,1.0
2024-02-17,94,2,406118.07,1929.6418,4320.405,50,44,1.1363636363636365,Extreme Greed,Greed,76,0.9384615384615385
2024-02-18,97,1,157048.17,477.6248299999999,1619.0532989690723,38,59,0.6440677966101694,Greed,Greed,72,0.8970588235294118
2024-02-19,101,2,286377.2,4317.768563,2835.417821782178,41,60,0.6833333333333333,Extreme Greed,Greed,75,0.9746835443037974
2024-02-20,39,2,119419.72,3263.628824,3062.0441025641026,13,26,0.5,Greed,Greed,72,0.96875
2024-02-21,22,2,108047.51999999999,1858.7985700000002,4911.250909090909,7,15,0.4666666666666667,Extreme Greed,Greed,78,1.0
2024-02-22,88,2,373033.87,3894.1050699999996,4239.02125,35,53,0.660377358490566,Greed,Greed,74,0.7407407407407407
2024-02-23,143,1,111106.14,1418.55293,776.966013986014,131,12,10.916666666666666,Extreme Greed,Greed,76,0.9927536231884058
2024-02-25,5,1,4480.13,-30.7705,896.0260000000001,2,3,0.6666666666666666,Greed,Greed,74,0.0
2024-02-26,39,2,192187.14,4416.8473,4927.875384615385,27,12,2.25,Greed,Greed,72,1.0
2024-02-27,63,2,209362.3,888.511733,3323.2111111111108,33,30,1.1,Extreme Greed,Greed,79,0.6190476190476191
2024-02-28,45,1,171107.13,2503.747235,3802.380666666667,31,14,2.2142857142857144,Extreme Greed,Greed,82,1.0
2024-02-29,116,2,395666.73,9813.996992,3410.9200862068965,60,56,1.0714285714285714,Extreme Greed,Greed,80,1.0
2024-03-01,137,1,472974.7,8244.241409,3452.370072992701,37,100,0.37,Extreme Greed,Greed,80,1.0
2024-03-02,31,2,63197.56,230.90060000000005,2038.6309677419354,28,3,9.333333333333334,Extreme Greed,Greed,80,0.75
2024-03-03,79,1,390745.68,8361.086245,4946.1478481012655,36,43,0.8372093023255814,Extreme Greed,Greed,83,1.0
2024-03-04,300,2,1577996.87,27799.775742,5259.989566666667,161,139,1.158273381294964,Extreme Greed,Greed,82,0.9851851851851852
2024-03-05,180,1,841810.32,19791.026041,4676.724,55,125,0.44,Extreme Greed,Greed,90,1.0
2024-03-06,82,1,327218.02,6814.825139,3990.4636585365856,49,33,1.4848484848484849,Extreme Greed,Greed,75,1.0
2024-03-08,67,1,183583.18,4271.886236,2740.047462686567,19,48,0.3958333333333333,Extreme Greed,Greed,81,1.0
2024-03-09,117,1,658178.75,9949.501624,5625.459401709401,83,34,2.4411764705882355,Extreme Greed,Greed,84,0.9065420560747663
2024-03-10,42,1,219973.85,2482.9272,5237.472619047619,38,4,9.5,Extreme Greed,Greed,79,0.7631578947368421
2024-03-11,42,1,176519.44999999998,3588.179495,4202.844047619047,12,30,0.4,Extreme Greed,Greed,82,1.0
2024-03-12,8,1,103040.85,3039.166,12880.10625,1,7,0.14285714285714285,Extreme Greed,Greed,81,1.0
2024-03-13,7,1,6000.799999999999,0.0,857.2571428571428,7,0,inf,Extreme Greed,Greed,81,
2024-03-14,18,2,205933.18,3465.865832,11440.732222222221,2,16,0.125,Extreme Greed,Greed,88,1.0
2024-03-15,62,3,351894.41,6236.513651,5675.71629032258,26,36,0.7222222222222222,Extreme Greed,Greed,83,1.0
2024-03-16,8,2,37223.66,228.57984,4652.9575,5,3,1.6666666666666667,Extreme Greed,Greed,81,1.0
2024-03-17,23,3,99506.95,503.293955,4326.389130434783,18,5,3.6,Extreme Greed,Greed,79,1.0
2024-03-18,19,3,90458.08,1456.9577,4760.951578947369,13,6,2.1666666666666665,Extreme Greed,Greed,77,1.0
2024-03-19,24,3,219884.84,668.797973,9161.868333333334,17,7,2.4285714285714284,Extreme Greed,Greed,79,0.7142857142857143
2024-03-20,69,2,215705.85,6423.134599,3126.171739130435,29,40,0.725,Greed,Greed,74,1.0
2024-03-21,28,3,117895.57,2335.5080749999997,4210.556071428572,26,2,13.0,Extreme Greed,Greed,78,1.0
2024-03-24,19,1,92592.20999999999,1297.018477,4873.274210526315,15,4,3.75,Greed,Greed,74,1.0
2024-03-25,7,1,57116.32,1302.916428,8159.4742857142855,0,7,0.0,Extreme Greed,Greed,75,1.0
2024-03-26,118,2,198565.19,3215.906593,1682.7558474576272,8,110,0.07272727272727272,Extreme Greed,Greed,81,1.0
2024-03-27,38,2,99864.79,150.41114,2628.020789473684,19,19,1.0,Extreme Greed,Greed,83,0.631578947368421
2024-03-28,13,2,35323.72,227.85100799999998,2717.209230769231,12,1,12.0,Extreme Greed,Greed,80,1.0
2024-03-29,15,1,86914.37,883.097404,5794.291333333333,9,6,1.5,Extreme Greed,Greed,79,1.0
2024-03-30,45,1,101103.92,1100.57514,2246.753777777778,1,44,0.022727272727272728,Extreme Greed,Greed,75,1.0
2024-03-31,13,1,39912.96,912.786145,3070.2276923076925,0,13,0.0,Extreme Greed,Greed,75,1.0
2024-04-01,77,2,339470.47,2507.963406,4408.7074025974025,32,45,0.7111111111111111,Extreme Greed,Greed,79,0.9767441860465116
2024-04-02,41,2,239664.50999999998,883.760812,5845.475853658536,10,31,0.3225806451612903,Extreme Greed,Greed,79,1.0
2024-04-03,4,2,16887.57,126.7884,4221.8925,3,1,3.0,Greed,Greed,71,1.0
2024-04-04,32,1,95987.73,0.0,2999.6165625,0,32,0.0,Greed,Greed,70,
2024-04-05,100,3,503791.8,10706.484306,5037.918,17,83,0.20481927710843373,Extreme Greed,Greed,79,1.0
2024-04-06,16,1,68223.67,236.33513399999998,4263.979375,0,16,0.0,Extreme Greed,Greed,75,1.0
2024-04-07,23,1,49988.14,0.0,2173.397391304348,0,23,0.0,Extreme Greed,Greed,78,
2024-04-08,30,2,211940.64,1218.4267,7064.688,1,29,0.034482758620689655,Extreme Greed,Greed,76,1.0
2024-04-09,3,1,57063.840000000004,0.0,19021.280000000002,0,3,0.0,Extreme Greed,Greed,80,
2024-04-10,41,1,351735.97,5207.443414,8578.926097560974,40,1,40.0,Extreme Greed,Greed,78,1.0
2024-04-11,16,1,76400.96,389.743164,4775.06,14,2,7.0,Extreme Greed,Greed,76,1.0
2024-04-12,129,3,442088.59,-592.6458390000001,3427.0433333333335,43,86,0.5,Extreme Greed,Greed,79,0.7029702970297029
2024-04-13,89,2,486411.25,6621.451755,5465.294943820225,46,43,1.069767441860465,Greed,Greed,72,1.0
2024-04-14,107,2,659162.17,-36104.012520000004,6160.394112149533,46,61,0.7540983606557377,Greed,Greed,72,0.44594594594594594
2024-04-15,41,2,291111.19,3774.08872,7100.272926829269,18,23,0.782608695652174,Greed,Greed,74,1.0
2024-04-16,47,2,181907.17,2467.702221,3870.3653191489366,31,16,1.9375,Greed,Greed,65,1.0
2024-04-17,14,1,97562.99,2441.4683999999997,6968.785000000001,13,1,13.0,Greed,Greed,67,1.0
2024-04-19,35,1,337257.92000000004,1946.4454620000001,9635.940571428573,5,30,0.16666666666666666,Greed,Greed,66,1.0
2024-04-20,22,2,60733.24,0.0,2760.601818181818,20,2,10.0,Greed,Greed,66,
2024-04-22,9,1,47993.61,0.0,5332.623333333333,0,9,0.0,Greed,Greed,73,
2024-04-23,66,2,233054.9,1119.536196,3531.1348484848486,37,29,1.2758620689655173,Greed,Greed,71,1.0
2024-04-24,20,1,141275.24,279.185907,7063.762,13,7,1.8571428571428572,Greed,Greed,72,0.8571428571428571
2024-04-25,74,2,120241.01,0.0,1624.8785135135136,74,0,inf,Greed,Greed,72,
2024-04-26,3,1,4988.290000000001,0.0,1662.7633333333335,0,3,0.0,Greed,Greed,70,
2024-04-27,27,1,154264.47,4281.488139,5713.498888888889,0,27,0.0,Greed,Greed,67,1.0
2024-04-28,58,2,43985.6,0.0,758.3724137931034,0,58,0.0,Greed,Greed,65,
2024-04-29,45,2,108699.01,526.9338359999999,2415.5335555555553,24,21,1.1428571428571428,Greed,Greed,67,1.0
2024-04-30,24,1,125018.75,0.0,5209.114583333333,24,0,inf,Greed,Greed,67,
2024-05-01,14,1,87025.45,0.0,6216.103571428571,14,0,inf,Neutral,Neutral,54,
2024-05-03,36,3,282682.64999999997,5306.017045,7852.295833333333,3,33,0.09090909090909091,Neutral,Neutral,48,0.8947368421052632
2024-05-04,9,2,58998.75,0.0,6555.416666666667,0,9,0.0,Greed,Greed,67,
2024-05-05,6,2,24068.350000000002,0.916,4011.391666666667,1,5,0.2,Greed,Greed,69,1.0
2024-05-06,9,1,206016.43,968.59038,22890.714444444442,8,1,8.0,Greed,Greed,71,1.0
2024-05-07,18,3,108717.58,883.537693,6039.865555555556,6,12,0.5,Greed,Greed,68,1.0
2024-05-08,13,2,65973.57,1.56576,5074.89,12,1,12.0,Greed,Greed,64,0.5
2024-05-09,28,2,221966.12,1147.595856,7927.361428571428,9,19,0.47368421052631576,Greed,Greed,55,1.0
2024-05-10,22,1,156882.0,2101.741695,7131.0,16,6,2.6666666666666665,Greed,Greed,66,1.0
2024-05-11,9,1,63248.95,251.604742,7027.661111111111,0,9,0.0,Neutral,Neutral,53,1.0
2024-05-12,23,2,55179.56,0.0,2399.111304347826,17,6,2.8333333333333335,Greed,Greed,56,
2024-05-13,28,2,193118.9,2136.853859,6897.103571428571,5,23,0.21739130434782608,Greed,Greed,57,1.0
2024-05-14,23,1,145853.4,1150.5233050000002,6341.452173913043,23,0,inf,Greed,Greed,66,1.0
2024-05-15,36,1,234922.57,948.970582,6525.626944444444,11,25,0.44,Greed,Greed,64,1.0
2024-05-16,27,2,162620.96,214.5898,6022.998518518518,14,13,1.0769230769230769,Greed,Greed,70,1.0
2024-05-18,25,1,126303.14,3522.3946610000003,5052.1256,7,18,0.3888888888888889,Greed,Greed,73,1.0
2024-05-19,8,1,29998.09,0.0,3749.76125,8,0,inf,Greed,Greed,72,
2024-05-20,10,2,38124.75,-74.818442,3812.475,7,3,2.3333333333333335,Greed,Greed,70,0.0
2024-05-21,125,2,1100948.59,7289.397571999999,8807.588720000002,29,96,0.3020833333333333,Extreme Greed,Greed,76,0.56
2024-05-22,6,1,44995.29,0.0,7499.215,0,6,0.0,Extreme Greed,Greed,76,
2024-05-23,325,3,401850.6,413.347329,1236.4633846153845,189,136,1.3897058823529411,Extreme Greed,Greed,76,0.9294871794871795
2024-05-24,2,1,50811.899999999994,821.949278,25405.949999999997,0,2,0.0,Greed,Greed,74,1.0
2024-05-25,16,2,29991.129999999997,14.126038999999999,1874.4456249999998,7,9,0.7777777777777778,Extreme Greed,Greed,76,1.0
2024-05-26,16,2,53976.67,778.6839,3373.541875,2,14,0.14285714285714285,Extreme Greed,Greed,75,1.0
2024-05-27,251,1,151115.72,1129.35587,602.0546613545816,93,158,0.5886075949367089,Greed,Greed,74,0.967741935483871
2024-05-29,164,2,84268.76,277.791953,513.8339024390243,67,97,0.6907216494845361,Greed,Greed,72,0.9577464788732394
2024-05-30,7,1,2838.09,20.951433,405.4414285714286,5,2,2.5,Greed,Greed,73,1.0
2024-05-31,13,1,3636.14,25.35812,279.70307692307694,4,9,0.4444444444444444,Greed,Greed,73,1.0
2024-06-01,25,1,12834.62,91.510419,513.3848,9,16,0.5625,Greed,Greed,72,1.0
2024-06-02,93,1,29464.51,192.906947,316.822688172043,34,59,0.576271186440678,Greed,Greed,73,1.0
2024-06-03,70,1,21466.86,562.808208,306.66942857142857,44,26,1.6923076923076923,Greed,Greed,73,1.0
2024-06-04,53,1,24243.41,52.211438,457.42283018867926,25,28,0.8928571428571429,Greed,Greed,73,1.0
2024-06-05,54,1,25350.77,56.055506,469.4587037037037,17,37,0.4594594594594595,Extreme Greed,Greed,75,0.9411764705882353
2024-06-06,234,1,137557.76,274.173187,587.8536752136753,102,132,0.7727272727272727,Extreme Greed,Greed,78,0.9803921568627451
2024-06-07,440,3,1098588.76,8902.467416,2496.7926363636366,181,259,0.6988416988416989,Extreme Greed,Greed,77,0.9887640449438202
2024-06-08,29,2,97351.88,129.13883900000002,3356.961379310345,21,8,2.625,Greed,Greed,72,1.0
2024-06-09,17,2,22410.22,0.0,1318.2482352941176,17,0,inf,Extreme Greed,Greed,75,
2024-06-10,53,2,46587.93,31.266804999999998,879.0175471698113,22,31,0.7096774193548387,Greed,Greed,72,1.0
2024-06-11,123,3,373279.92,4320.631811,3034.7960975609753,114,9,12.666666666666666,Greed,Greed,74,1.0
2024-06-12,254,2,193407.96,-21886.531493,761.4486614173228,115,139,0.8273381294964028,Greed,Greed,72,0.2692307692307692
2024-06-13,79,2,132577.22,6632.757115,1678.1926582278481,76,3,25.333333333333332,Greed,Greed,70,0.95
2024-06-14,31,2,139868.66,10258.592609,4511.892258064517,31,0,inf,Greed,Greed,74,1.0
2024-06-15,78,2,718350.25,3369.958346,9209.61858974359,9,69,0.13043478260869565,Greed,Greed,74,1.0
2024-06-16,11,1,25235.079999999998,0.0,2294.0981818181817,0,11,0.0,Greed,Greed,71,
2024-06-17,38,2,368380.12,10599.502375,9694.213684210526,32,6,5.333333333333333,Greed,Greed,71,0.9615384615384616
2024-06-18,25,2,263314.79,282.57636,10532.5916,21,4,5.25,Greed,Greed,74,1.0
2024-06-19,61,3,417071.12,4887.656944,6837.231475409836,3,58,0.05172413793103448,Greed,Greed,64,1.0
2024-06-20,39,3,207990.8,57478.456026,5333.097435897435,0,39,0.0,Greed,Greed,60,1.0
2024-06-21,80,2,176264.49,773.5582039999999,2203.306125,68,12,5.666666666666667,Greed,Greed,63,1.0
2024-06-22,24,2,169594.27000000002,756.876565,7066.427916666667,4,20,0.2,Neutral,Neutral,53,1.0
2024-06-23,5,1,1792.12,0.0,358.424,0,5,0.0,Greed,Greed,55,
2024-06-24,31,2,403002.8,0.0,13000.090322580645,25,6,4.166666666666667,Neutral,Neutral,51,
2024-06-25,49,1,103099.08,4869.353105,2104.062857142857,11,38,0.2894736842105263,Fear,Fear,30,1.0
2024-06-26,72,2,365190.66000000003,4197.732182,5072.092500000001,41,31,1.3225806451612903,Neutral,Neutral,46,1.0
2024-06-27,30,2,130486.95,0.0,4349.565,12,18,0.6666666666666666,Fear,Fear,40,
2024-06-29,75,2,280095.11,6150.326145,3734.6014666666665,35,40,0.875,Fear,Fear,30,1.0
2024-06-30,14,2,30520.69,0.0,2180.049285714286,5,9,0.5555555555555556,Neutral,Neutral,47,
2024-07-01,64,2,362670.14999999997,5065.839308,5666.721093749999,6,58,0.10344827586206896,Neutral,Neutral,53,1.0
2024-07-02,18,1,33347.47,2421.253116,1852.6372222222224,13,5,2.6,Neutral,Neutral,51,1.0
2024-07-03,18,2,179600.66,1118.387284,9977.814444444444,18,0,inf,Neutral,Neutral,50,1.0
2024-07-04,25,2,430568.01,0.0,17222.720400000002,25,0,inf,Fear,Fear,44,
2024-07-05,32,2,272289.89,0.0,8509.0590625,32,0,inf,Fear,Fear,29,
2024-07-06,24,1,2490.17,108.87217799999999,103.75708333333334,17,7,2.4285714285714284,Fear,Fear,26,1.0
2024-07-07,10,1,498.75,61.428942,49.875,0,10,0.0,Fear,Fear,29,1.0
2024-07-08,1,1,497.64,0.0,497.64,1,0,inf,Fear,Fear,28,
2024-07-09,15,1,2736.45,648.984412,182.42999999999998,0,15,0.0,Fear,Fear,27,1.0
2024-07-10,56,2,687900.21,11977.734907,12283.93232142857,10,46,0.21739130434782608,Fear,Fear,28,1.0
2024-07-11,19,1,169887.02,1876.812082,8941.422105263156,10,9,1.1111111111111112,Fear,Fear,29,1.0
2024-07-12,19,2,89582.97,1412.314654,4714.893157894737,19,0,inf,Fear,Fear,25,1.0
2024-07-13,17,2,139189.19,2913.617837,8187.599411764706,0,17,0.0,Fear,Fear,25,1.0
2024-07-14,7,1,84001.13,0.0,12000.16142857143,0,7,0.0,Fear,Fear,33,
2024-07-15,26,2,198344.85,-1.0,7628.6480769230775,2,24,0.08333333333333333,Neutral,Neutral,52,0.0
2024-07-16,22,1,144000.57,0.0,6545.480454545454,0,22,0.0,Greed,Greed,65,
2024-07-17,351,3,626005.53,1859.269477,1783.4915384615385,155,196,0.7908163265306123,Greed,Greed,69,0.9354838709677419
2024-07-18,60,2,649704.85,3803.884311,10828.414166666666,60,0,inf,Greed,Greed,61,1.0
2024-07-19,23,2,150269.42,2155.891114,6533.453043478262,1,22,0.045454545454545456,Greed,Greed,60,1.0
2024-07-20,266,2,244362.21,2299.169566,918.65492481203,41,225,0.18222222222222223,Greed,Greed,74,0.9166666666666666
2024-07-21,448,2,234307.46,-2960.716887,523.0077232142856,239,209,1.1435406698564594,Greed,Greed,74,0.08898305084745763
2024-07-22,154,2,304213.8,1517.119876,1975.4142857142856,103,51,2.019607843137255,Greed,Greed,70,0.20754716981132076
2024-07-23,370,3,358526.54,89890.302206,968.9906486486486,137,233,0.5879828326180258,Greed,Greed,71,0.9038461538461539
2024-07-24,90,5,69207.93,625.561479,768.977,54,36,1.5,Greed,Greed,69,1.0
2024-07-25,78,3,528555.31,916.7382600000001,6776.350128205129,77,1,77.0,Greed,Greed,68,1.0
2024-07-26,152,4,548587.65,2766.513113,3609.1292763157894,43,109,0.3944954128440367,Greed,Greed,68,1.0
2024-07-27,57,2,905199.75,6400.623656,15880.697368421053,9,48,0.1875,Greed,Greed,72,1.0
2024-07-28,16,2,43254.68,587.29903,2703.4175,15,1,15.0,Greed,Greed,71,1.0
2024-07-29,39,2,327199.14,330.80445399999996,8389.72153846154,18,21,0.8571428571428571,Greed,Greed,74,1.0
2024-07-30,6,1,36006.47,0.0,6001.078333333334,6,0,inf,Greed,Greed,67,
2024-07-31,43,2,84506.54,765.690884,1965.2683720930231,17,26,0.6538461538461539,Greed,Greed,61,1.0
2024-08-01,57,4,227774.53,167.080017,3996.044385964912,47,10,4.7,Neutral,Neutral,52,0.5714285714285714
2024-08-02,63,3,396320.37,782.3681909999999,6290.799523809524,42,21,2.0,Greed,Greed,57,1.0
2024-08-03,37,5,290532.86,464.1897,7852.239459459459,36,1,36.0,Fear,Fear,37,1.0
2024-08-04,127,5,1207744.07,-122672.000883,9509.795826771655,60,67,0.8955223880597015,Fear,Fear,34,0.046153846153846156
2024-08-05,80,4,420495.4,-13013.665169,5256.1925,41,39,1.0512820512820513,Fear,Fear,26,0.868421052631579
2024-08-06,107,2,61478.38,267.318048,574.5642990654205,76,31,2.4516129032258065,Extreme Fear,Fear,17,0.5
2024-08-07,33,3,2492.77,188.789255,75.53848484848484,12,21,0.5714285714285714,Fear,Fear,29,1.0
2024-08-08,9,2,16299.35,-40.712216999999995,1811.038888888889,5,4,1.25,Extreme Fear,Fear,20,0.0
2024-08-09,144,5,503204.86,18082.071276,3494.4781944444444,54,90,0.6,Neutral,Neutral,48,0.7413793103448276
2024-08-10,88,2,11339.29,0.0,128.8555681818182,87,1,87.0,Fear,Fear,40,
2024-08-11,24,2,44230.21,847.7766200000001,1842.9254166666667,16,8,2.0,Fear,Fear,39,1.0
2024-08-12,48,3,54167.32,858.6705000000001,1128.4858333333334,39,9,4.333333333333333,Fear,Fear,25,1.0
2024-08-13,23,3,20797.87,212.08102,904.2552173913043,20,3,6.666666666666667,Fear,Fear,31,1.0
2024-08-14,25,3,66710.03,2168.9015130000003,2668.4012,19,6,3.1666666666666665,Fear,Fear,30,1.0
2024-08-15,12,1,1522.3700000000001,0.0,126.86416666666668,12,0,inf,Fear,Fear,29,
2024-08-16,35,2,166382.84,825.230544,4753.795428571429,32,3,10.666666666666666,Fear,Fear,27,1.0
2024-08-17,30,2,30248.96,-288.283113,1008.2986666666667,29,1,29.0,Fear,Fear,25,0.0
2024-08-18,15,2,62804.48,307.201888,4186.965333333334,0,15,0.0,Fear,Fear,31,1.0
2024-08-19,8,1,100315.03,339.69958299999996,12539.37875,3,5,0.6,Fear,Fear,28,1.0
2024-08-20,12,2,49914.8,192.602844,4159.566666666667,5,7,0.7142857142857143,Fear,Fear,30,1.0
2024-08-21,145,2,104990.41,656.200925,724.0717931034483,56,89,0.6292134831460674,Fear,Fear,26,1.0
2024-08-23,10,1,63509.56,1005.30527,6350.956,0,10,0.0,Fear,Fear,34,1.0
2024-08-24,7,2,34999.67,0.0,4999.952857142857,0,7,0.0,Greed,Greed,56,
2024-08-25,17,2,21950.28,0.0,1291.1929411764704,8,9,0.8888888888888888,Neutral,Neutral,54,
2024-08-26,6,2,92611.27,231.236918,15435.211666666668,6,0,inf,Greed,Greed,55,1.0
2024-08-27,50,2,70250.16,0.0,1405.0032,49,1,49.0,Neutral,Neutral,48,
2024-08-28,9,2,71160.06999999999,1333.359645,7906.674444444444,9,0,inf,Fear,Fear,30,1.0
2024-08-29,1,1,9995.85,0.0,9995.85,0,1,0.0,Fear,Fear,29,
2024-08-30,6,4,37233.24,256.464,6205.54,4,2,2.0,Fear,Fear,34,1.0
2024-08-31,34,3,107507.43000000001,10.882801,3161.983235294118,11,23,0.4782608695652174,Fear,Fear,29,0.9230769230769231
2024-09-01,12,1,12359.68,137.433093,1029.9733333333334,7,5,1.4,Fear,Fear,26,1.0
2024-09-02,2,1,30000.42,0.0,15000.21,2,0,inf,Fear,Fear,26,
2024-09-04,34,2,131480.97,1065.785132,3867.0873529411765,31,3,10.333333333333334,Fear,Fear,27,0.625
2024-09-05,1,1,0.84,0.0,0.84,0,1,0.0,Fear,Fear,29,
2024-09-06,42,2,39047.1,-1104.856765,929.6928571428571,4,38,0.10526315789473684,Extreme Fear,Fear,22,0.0
2024-09-08,1,1,0.11,0.0,0.11,0,1,0.0,Fear,Fear,29,
2024-09-09,2,1,4014.4300000000003,0.0,2007.2150000000001,2,0,inf,Fear,Fear,26,
2024-09-10,3,2,2547.28,-219.729659,849.0933333333334,1,2,0.5,Fear,Fear,33,0.0
2024-09-11,1,1,0.54,0.0,0.54,0,1,0.0,Fear,Fear,37,
2024-09-14,11,2,1014.8000000000001,0.0,92.25454545454546,10,1,10.0,Neutral,Neutral,50,
2024-09-18,145,1,13633.5,-878.684794,94.02413793103449,11,134,0.08208955223880597,Neutral,Neutral,45,0.0
2024-09-19,19,1,1521.8700000000001,0.0,80.09842105263158,19,0,inf,Neutral,Neutral,49,
2024-09-20,16,2,332873.38,9585.03428,20804.58625,3,13,0.23076923076923078,Neutral,Neutral,54,0.8888888888888888
2024-09-21,23,1,165648.12,36165.56933,7202.092173913044,0,23,0.0,Neutral,Neutral,54,1.0
2024-09-22,3,1,19999.739999999998,0.0,6666.579999999999,3,0,inf,Neutral,Neutral,52,
2024-09-23,2,1,40334.29,334.760796,20167.145,1,1,1.0,Neutral,Neutral,50,1.0
2024-09-24,10,2,7118.63,0.0,711.863,9,1,9.0,Neutral,Neutral,54,
2024-09-25,9,2,52754.130000000005,0.0,5861.570000000001,6,3,2.0,Greed,Greed,59,
2024-09-26,8,2,113711.93000000001,439.812513,14213.991250000001,0,8,0.0,Neutral,Neutral,50,1.0
2024-09-27,56,2,126097.04,0.0,2251.732857142857,0,56,0.0,Greed,Greed,61,
2024-09-28,4,1,29199.21,0.0,7299.8025,0,4,0.0,Greed,Greed,64,
2024-09-30,106,2,214669.85,2710.626288,2025.1872641509435,10,96,0.10416666666666667,Greed,Greed,61,1.0
2024-10-01,4,1,139954.32,0.0,34988.58,4,0,inf,Neutral,Neutral,50,
2024-10-02,4,1,99954.34,0.0,24988.585,4,0,inf,Fear,Fear,42,
2024-10-03,9,2,132935.69,100.375782,14770.632222222222,6,3,2.0,Fear,Fear,37,1.0
2024-10-04,1,1,0.34,0.0,0.34,0,1,0.0,Fear,Fear,41,
2024-10-05,37,2,605605.74,5767.161892,16367.722702702702,9,28,0.32142857142857145,Neutral,Neutral,49,1.0
2024-10-06,22,1,300130.56,130.487079,13642.298181818182,6,16,0.375,Neutral,Neutral,50,1.0
2024-10-07,21,1,219984.65,0.0,10475.459523809524,0,21,0.0,Neutral,Neutral,50,
2024-10-08,36,2,434584.13,5396.546638,12071.781388888889,34,2,17.0,Neutral,Neutral,49,1.0
2024-10-09,14,1,220399.93,396.06272,15742.852142857142,11,3,3.6666666666666665,Neutral,Neutral,49,1.0
2024-10-10,16,1,300024.33999999997,0.0,18751.521249999998,16,0,inf,Fear,Fear,39,
2024-10-11,26,2,488904.19,8885.327477,18804.007307692307,0,26,0.0,Fear,Fear,32,1.0
2024-10-12,10,1,159713.4,541.55471,15971.34,7,3,2.3333333333333335,Neutral,Neutral,49,1.0
2024-10-13,10,1,60002.42,0.0,6000.242,10,0,inf,Neutral,Neutral,50,
2024-10-14,5,1,61916.020000000004,1913.61958,12383.204000000002,0,5,0.0,Neutral,Neutral,48,1.0
2024-10-15,7,1,81173.36,1170.2260760000001,11596.194285714286,3,4,0.75,Greed,Greed,65,1.0
2024-10-16,11,1,80229.17,219.480876,7293.560909090909,8,3,2.6666666666666665,Greed,Greed,73,1.0
2024-10-17,9,2,140531.75,36.11496,15614.638888888889,7,2,3.5,Greed,Greed,71,0.5
2024-10-18,6,1,120331.43000000001,333.219141,20055.238333333335,1,5,0.2,Greed,Greed,73,1.0
2024-10-19,4,1,99996.86,0.0,24999.215,4,0,inf,Greed,Greed,72,
2024-10-20,96,2,176447.86000000002,389.155797,1837.9985416666668,7,89,0.07865168539325842,Greed,Greed,73,1.0
2024-10-21,173,2,324117.99,2464.915564,1873.5143930635838,79,94,0.8404255319148937,Greed,Greed,72,1.0
2024-10-22,3,1,60000.36,0.0,20000.12,3,0,inf,Greed,Greed,70,
2024-10-23,18,1,210006.07,-46.489941,11667.003888888888,15,3,5.0,Greed,Greed,71,0.0
2024-10-25,30,2,427883.18,13235.862071,14262.772666666666,14,16,0.875,Greed,Greed,72,1.0
2024-10-27,4,1,90664.41,666.6623079999999,22666.1025,0,4,0.0,Greed,Greed,74,1.0
2024-10-28,13,2,121495.25,167.28016200000002,9345.788461538461,0,13,0.0,Greed,Greed,72,1.0
2024-10-29,53,2,613267.8099999999,801.170876,11571.09075471698,3,50,0.06,Greed,Greed,72,1.0
2024-10-30,25,1,11830.85,9.150023,473.23400000000004,8,17,0.47058823529411764,Extreme Greed,Greed,77,0.875
2024-10-31,48,3,896173.36,1214.043811,18670.278333333332,42,6,7.0,Extreme Greed,Greed,77,0.918918918918919
2024-11-01,23,2,260981.03,1040.475736,11347.001304347827,13,10,1.3,Extreme Greed,Greed,75,0.6
2024-11-02,2,1,40000.0,0.0,20000.0,2,0,inf,Greed,Greed,72,
2024-11-03,6,2,129055.66,0.0,21509.27666666667,6,0,inf,Greed,Greed,74,
2024-11-04,36,2,451811.97,2799.410474,12550.332499999999,13,23,0.5652173913043478,Greed,Greed,70,1.0
2024-11-05,10,1,200627.23,678.4759280000001,20062.723,5,5,1.0,Greed,Greed,70,1.0
2024-11-06,15,2,123906.9,2817.83723,8260.46,6,9,0.6666666666666666,Greed,Greed,70,0.7777777777777778
2024-11-07,113,3,111335.3,4493.353136,985.2681415929204,53,60,0.8833333333333333,Extreme Greed,Greed,77,1.0
2024-11-08,39,2,270700.44,-64.41354100000007,6941.036923076923,23,16,1.4375,Extreme Greed,Greed,75,0.375
2024-11-09,86,2,193384.41,102.90894,2248.655930232558,53,33,1.606060606060606,Extreme Greed,Greed,75,0.4318181818181818
2024-11-10,173,3,413636.7,991.114334,2390.963583815029,48,125,0.384,Extreme Greed,Greed,78,1.0
2024-11-11,373,4,1570572.42,6749.630996,4210.649919571046,94,279,0.33691756272401435,Extreme Greed,Greed,76,0.9583333333333334
2024-11-12,171,4,1226354.52,3494.399394,7171.663859649123,98,73,1.3424657534246576,Extreme Greed,Greed,80,0.8095238095238095
2024-11-13,48,5,515336.37,7846.402274,10736.174375,16,32,0.5,Extreme Greed,Greed,84,0.84375
2024-11-14,110,2,1008361.81,4563.509225,9166.925545454545,82,28,2.9285714285714284,Extreme Greed,Greed,88,1.0
2024-11-15,149,4,1427858.42,4140.740438,9582.942416107382,91,58,1.5689655172413792,Extreme Greed,Greed,80,1.0
2024-11-16,157,4,303296.07,2769.521909,1931.822101910828,77,80,0.9625,Extreme Greed,Greed,86,0.8275862068965517
2024-11-17,209,4,1215987.57,882.975285,5818.122344497608,73,136,0.5367647058823529,Extreme Greed,Greed,90,0.7903225806451613
2024-11-18,346,7,2084339.58,4470.815187,6024.102832369942,125,221,0.5656108597285068,Extreme Greed,Greed,83,0.7948717948717948
2024-11-19,305,5,628031.15,2958.268991,2059.118524590164,160,145,1.103448275862069,Extreme Greed,Greed,90,0.8982035928143712
2024-11-20,550,5,1999514.1199999999,4210.0928969999995,3635.480218181818,244,306,0.7973856209150327,Extreme Greed,Greed,83,0.7324414715719063
2024-11-21,535,5,598300.62,1692.430891,1118.3189158878504,235,300,0.7833333333333333,Extreme Greed,Greed,82,0.6470588235294118
2024-11-22,679,6,1646713.62,-18105.345617,2425.2041531664213,327,352,0.9289772727272727,Extreme Greed,Greed,94,0.59375
2024-11-23,363,4,516245.68,2901.531638,1422.1644077134986,150,213,0.704225352112676,Extreme Greed,Greed,93,0.8590604026845637
2024-11-24,172,3,664952.28,945.550386,3866.001627906977,103,69,1.4927536231884058,Extreme Greed,Greed,80,0.7540983606557377
2024-11-25,255,2,937410.87,5523.740734,3676.1210588235294,126,129,0.9767441860465116,Extreme Greed,Greed,82,0.7046979865771812
2024-11-26,302,4,1146902.44,1094.809359,3797.6901986754965,197,105,1.8761904761904762,Extreme Greed,Greed,79,0.6875
2024-11-27,213,2,1444242.53,-2654.495633,6780.481361502348,72,141,0.5106382978723404,Extreme Greed,Greed,75,0.5692307692307692
2024-11-28,332,5,1894225.15,-127075.39958499999,5705.497439759036,207,125,1.656,Extreme Greed,Greed,77,0.4780701754385965
2024-11-29,393,11,794262.91,176844.994152,2021.0252162849874,148,245,0.6040816326530613,Extreme Greed,Greed,78,0.9186602870813397
2024-11-30,373,8,1732193.7,37316.69352,4643.950938337802,103,270,0.3814814814814815,Extreme Greed,Greed,84,0.9075144508670521
2024-12-01,416,9,814711.82,40886.364494,1958.441875,144,272,0.5294117647058824,Extreme Greed,Greed,81,0.9525862068965517
2024-12-02,270,8,585243.56,18489.604313,2167.568740740741,156,114,1.368421052631579,Extreme Greed,Greed,80,0.9821428571428571
2024-12-03,374,8,1084666.53,23576.539285,2900.177887700535,170,204,0.8333333333333334,Extreme Greed,Greed,76,0.9096045197740112
2024-12-04,319,7,769287.65,292891.815021,2411.5600313479626,96,223,0.4304932735426009,Extreme Greed,Greed,78,0.891566265060241
2024-12-05,456,8,1256750.79,71574.11848800001,2756.0324342105264,192,264,0.7272727272727273,Extreme Greed,Greed,84,0.9414634146341463
2024-12-06,403,10,3471019.22,-92624.643895,8612.950918114144,205,198,1.0353535353535352,Greed,Greed,72,0.6861313868613139
2024-12-07,304,6,451733.42,85906.279067,1485.965197368421,110,194,0.5670103092783505,Extreme Greed,Greed,75,0.9225352112676056
2024-12-08,420,6,932939.72,15965.933436,2221.2850476190474,82,338,0.24260355029585798,Extreme Greed,Greed,79,0.9743589743589743
2024-12-09,539,10,983949.68,6310.967676,1825.5096103896105,455,84,5.416666666666667,Extreme Greed,Greed,78,0.9662921348314607
2024-12-10,1596,11,3150424.08,39325.770231,1973.94992481203,530,1066,0.4971857410881801,Extreme Greed,Greed,78,0.8343722172751559
2024-12-11,1221,12,2194098.33,319051.554217,1796.9683292383293,171,1050,0.16285714285714287,Greed,Greed,74,0.9863945578231292
2024-12-12,1932,14,4557189.87,599151.795008,2358.7939285714288,421,1511,0.2786234281932495,Extreme Greed,Greed,83,0.9541284403669725
2024-12-13,1173,11,2880824.64,31935.901745,2455.9459846547315,676,497,1.3601609657947686,Extreme Greed,Greed,76,0.9631901840490797
2024-12-14,1235,12,2369561.78,167801.399244,1918.6735060728743,595,640,0.9296875,Extreme Greed,Greed,83,0.9717607973421927
2024-12-15,1697,15,2583269.81,97525.315279,1522.256812021214,1131,566,1.9982332155477032,Extreme Greed,Greed,80,0.8891257995735607
2024-12-16,1055,13,2740808.97,166774.344133,2597.9231943127966,423,632,0.6693037974683544,Extreme Greed,Greed,83,0.9798534798534798
2024-12-17,1941,16,5233597.63,219591.305172,2696.3408706852138,851,1090,0.7807339449541284,Extreme Greed,Greed,87,0.9702176403207331
2024-12-18,1429,13,3798887.07,13682.994673,2658.423421973408,715,714,1.0014005602240896,Extreme Greed,Greed,81,0.7039030955585465
2024-12-19,3339,13,8241709.39,62744.004486000005,2468.316678646301,1201,2138,0.5617399438727783,Extreme Greed,Greed,75,0.9348816029143898
2024-12-20,2488,15,7681274.71,254969.660039,3087.3290635048234,1129,1359,0.8307579102281089,Greed,Greed,74,0.9350912778904665
2024-12-21,1681,8,4382875.12,150022.163157,2607.302272456871,596,1085,0.5493087557603686,Greed,Greed,73,0.9892933618843683
2024-12-22,774,8,3087320.22,352197.163973,3988.7858139534887,448,326,1.3742331288343559,Greed,Greed,73,0.9546742209631728
2024-12-23,2347,14,6771878.26,-29430.626577,2885.333728163613,1036,1311,0.7902364607170099,Greed,Greed,70,0.48504273504273504
2024-12-24,338,11,1767036.11,14813.780116,5227.917485207101,118,220,0.5363636363636364,Greed,Greed,73,0.6666666666666666
2024-12-25,208,6,347889.35,756.6570469999998,1672.5449519230767,86,122,0.7049180327868853,Greed,Greed,73,0.7682926829268293
2024-12-26,697,7,2205242.65,60228.639722,3163.9062410329984,373,324,1.1512345679012346,Extreme Greed,Greed,79,0.9649595687331537
2024-12-27,260,7,347913.0,2672.811035,1338.126923076923,137,123,1.113821138211382,Greed,Greed,74,0.9482758620689655
2024-12-28,161,7,281555.01,940.673623,1748.7888819875777,57,104,0.5480769230769231,Greed,Greed,72,0.8043478260869565
2024-12-29,201,7,344628.54,2884.067927,1714.5698507462685,69,132,0.5227272727272727,Greed,Greed,73,1.0
2024-12-30,304,9,1073865.73,9009.738137,3532.453059210526,183,121,1.512396694214876,Greed,Greed,65,0.9836065573770492
2024-12-31,306,6,877164.62,5445.01281,2866.551045751634,141,165,0.8545454545454545,Greed,Greed,64,0.92
2025-01-01,96,6,282582.1,-9528.065345,2943.5635416666664,68,28,2.4285714285714284,Greed,Greed,66,0.9666666666666667
2025-01-02,361,9,774674.84,8716.519087,2145.9136842105263,107,254,0.421259842519685,Greed,Greed,70,0.9821428571428571
2025-01-03,508,9,771208.99,6028.486793,1518.1279330708662,169,339,0.49852507374631266,Greed,Greed,74,0.8466257668711656
2025-01-04,371,9,1826029.6199999999,2553.537968,4921.912722371967,76,295,0.2576271186440678,Greed,Greed,73,0.8823529411764706
2025-01-05,239,8,451943.57,3187.719363,1890.977280334728,65,174,0.3735632183908046,Greed,Greed,72,0.9615384615384616
2025-01-06,573,7,556526.99,6064.185393,971.2512914485166,148,425,0.34823529411764703,Extreme Greed,Greed,76,0.7355371900826446
2025-01-07,637,6,1313178.1,16098.227531,2061.504081632653,562,75,7.493333333333333,Extreme Greed,Greed,78,0.97
2025-01-08,1039,11,3177275.18,130117.090554,3058.0126852743024,745,294,2.5340136054421767,Greed,Greed,70,0.9146919431279621
2025-01-09,522,7,1020733.25,46975.928902,1955.427681992337,201,321,0.6261682242990654,Greed,Greed,69,0.8579881656804734
2025-01-10,819,7,6547449.68,-10116.875552,7994.444053724053,366,453,0.8079470198675497,Neutral,Neutral,50,0.8852459016393442
2025-01-11,283,7,1658098.71,2269.080536,5859.006042402827,166,117,1.4188034188034189,Greed,Greed,69,0.7840909090909091
2025-01-12,602,7,2258459.17,5742.241803,3751.59330564784,81,521,0.15547024952015356,Greed,Greed,62,0.9936842105263158
2025-01-13,408,11,2936648.0100000002,9655.429352,7197.666691176471,240,168,1.4285714285714286,Greed,Greed,61,0.9518072289156626
2025-01-14,275,9,876581.97,16069.512355,3187.5708,92,183,0.5027322404371585,Greed,Greed,63,0.9716312056737588
2025-01-15,267,11,1801599.8900000001,14819.5883,6747.565131086143,93,174,0.5344827586206896,Greed,Greed,70,0.8848920863309353
2025-01-16,371,9,3049692.96,20807.709328,8220.196657681941,114,257,0.44357976653696496,Extreme Greed,Greed,75,0.900709219858156
2025-01-17,238,8,1110230.46,7006.415608,4664.8338655462185,95,143,0.6643356643356644,Extreme Greed,Greed,75,0.9921259842519685
2025-01-18,651,12,2711629.88,443.2330819999997,4165.330076804916,353,298,1.1845637583892616,Extreme Greed,Greed,77,0.8857142857142857
2025-01-19,1567,15,9715215.3,87923.799302,6199.8821314613915,841,726,1.1584022038567494,Extreme Greed,Greed,77,0.7304147465437788
2025-01-20,1315,15,8287327.01,87277.239173,6302.149817490495,755,560,1.3482142857142858,Extreme Greed,Greed,76,0.8502475247524752
2025-01-21,530,8,1523729.82,11077.839421,2874.961924528302,145,385,0.37662337662337664,Extreme Greed,Greed,76,0.9579439252336449
2025-01-22,832,10,1778406.43,20524.408057,2137.5077283653845,297,535,0.5551401869158878,Extreme Greed,Greed,84,0.7905405405405406
2025-01-23,1218,12,3697028.66,101256.24216,3035.3273070607556,561,657,0.8538812785388128,Extreme Greed,Greed,75,0.9504132231404959
2025-01-24,874,11,1611433.45,10602.779738,1843.7453661327231,358,516,0.6937984496124031,Extreme Greed,Greed,75,0.9779559118236473
2025-01-25,506,11,1239377.7,-10348.016255999999,2449.363043478261,315,191,1.649214659685864,Extreme Greed,Greed,75,0.8294117647058824
2025-01-26,451,7,1201173.66,40823.466668,2663.3562305986693,176,275,0.64,Greed,Greed,73,0.9514563106796117
2025-01-27,773,15,1508028.31,41331.765392,1950.8775032341528,510,263,1.9391634980988592,Greed,Greed,71,0.92
2025-01-28,498,8,579412.17,17979.613973,1163.4782530120483,157,341,0.4604105571847507,Greed,Greed,72,0.9542682926829268
2025-01-29,910,9,1897513.41,23421.01147,2085.1795714285713,438,472,0.9279661016949152,Greed,Greed,72,0.9643765903307888
2025-01-30,1067,11,3014397.17,23097.471385,2825.114498594189,267,800,0.33375,Greed,Greed,70,0.8747044917257684
2025-01-31,1016,11,2783411.48,35868.296773,2739.578228346457,323,693,0.4660894660894661,Extreme Greed,Greed,76,0.9385665529010239
2025-02-01,634,12,1363746.44,32300.205017,2151.019621451104,352,282,1.24822695035461,Greed,Greed,68,0.949748743718593
2025-02-02,1319,13,5661092.29,162854.759623,4291.957763457164,833,486,1.713991769547325,Greed,Greed,60,0.8941398865784499
2025-02-03,2380,12,22592901.37,348871.326269,9492.815701680673,1091,1289,0.8463925523661753,Fear,Fear,44,0.8243647234678625
2025-02-04,2512,13,15678409.27,416876.88812,6241.404964171974,1143,1369,0.8349159970781592,Greed,Greed,72,0.8720200752823086
2025-02-05,1297,11,8743231.51,56706.235562,6741.1191287586735,689,608,1.1332236842105263,Neutral,Neutral,54,0.8224852071005917
2025-02-06,1703,11,2818508.87,33803.799733,1655.0257604227834,1163,540,2.153703703703704,Neutral,Neutral,49,0.9469240048250904
2025-02-07,1524,13,3460263.54,22450.002091,2270.5141338582675,957,567,1.687830687830688,Fear,Fear,44,0.8007448789571695
2025-02-08,575,10,839734.97,586.703253,1460.4086434782607,451,124,3.6370967741935485,Fear,Fear,44,0.9016393442622951
2025-02-09,764,12,2920919.7,150551.829492,3823.19332460733,428,336,1.2738095238095237,Neutral,Neutral,46,0.9850299401197605
2025-02-10,889,14,3624958.44,63908.49465,4077.5685489313837,360,529,0.6805293005671077,Fear,Fear,43,0.9199134199134199
2025-02-11,848,12,2797544.17,-6093.784817,3298.990766509434,362,486,0.7448559670781894,Neutral,Neutral,47,0.5674846625766872
2025-02-12,1031,12,4143974.54,19848.635032,4019.3739476236665,406,625,0.6496,Neutral,Neutral,46,0.8563734290843806
2025-02-13,1370,11,3199852.21,27829.534238,2335.6585474452554,593,777,0.7631917631917632,Neutral,Neutral,50,0.9756468797564688
2025-02-14,1655,15,4007103.42,213860.675308,2421.210525679758,532,1123,0.47373107747105964,Neutral,Neutral,48,0.885286783042394
2025-02-15,932,12,1712852.95,45042.92701,1837.8250536480687,573,359,1.5961002785515321,Neutral,Neutral,50,0.9616306954436451
2025-02-16,681,10,806177.64,2369.478425,1183.8144493392072,345,336,1.0267857142857142,Neutral,Neutral,54,0.8595988538681948
2025-02-17,941,9,2031044.64,1818.573295,2158.3896280552603,623,318,1.9591194968553458,Neutral,Neutral,51,0.871900826446281
2025-02-18,1676,11,3371128.68,91204.672403,2011.413293556086,1051,625,1.6816,Neutral,Neutral,47,0.9225806451612903
2025-02-19,1361,10,3263930.24,14985.794701,2398.185334313005,864,497,1.738430583501006,Fear,Fear,44,0.909375
2025-02-20,2012,11,4628609.29,46008.794102,2300.5016351888667,788,1224,0.6437908496732027,Neutral,Neutral,49,0.9717741935483871
2025-02-21,1873,14,3972159.88,119693.49395,2120.747399893219,744,1129,0.6589902568644819,Greed,Greed,55,0.9664031620553359
2025-02-22,686,10,3175570.2,25278.704178,4629.111078717201,360,326,1.1042944785276074,Neutral,Neutral,49,0.96875
2025-02-23,520,12,1141310.74,10656.934251,2194.8283461538463,283,237,1.1940928270042195,Neutral,Neutral,50,0.9629629629629629
2025-02-24,5616,14,11223619.59,38470.176242,1998.5077617521367,3255,2361,1.3786531130876747,Neutral,Neutral,49,0.8816778789077958
2025-02-25,6246,18,19414984.36,204762.177034,3108.3868651937237,4236,2010,2.1074626865671644,Fear,Fear,25,0.7603923400280242
2025-02-26,1176,13,4946958.13,63229.063129,4206.597049319727,387,789,0.49049429657794674,Extreme Fear,Fear,21,0.928235294117647
2025-02-27,890,9,1999898.43,-36525.167517,2247.0768876404495,406,484,0.8388429752066116,Extreme Fear,Fear,10,0.5880952380952381
2025-02-28,1019,13,4123660.77,225628.108748,4046.7721000981355,530,489,1.0838445807770962,Extreme Fear,Fear,16,0.9682151589242054
2025-03-01,174,5,263824.13,10596.108968,1516.230632183908,105,69,1.5217391304347827,Extreme Fear,Fear,20,0.9285714285714286
2025-03-02,532,10,6460848.74,66914.320708,12144.452518796992,274,258,1.062015503875969,Fear,Fear,26,0.9501779359430605
2025-03-03,1482,14,8244590.38,616413.032233,5563.151403508772,1069,413,2.5883777239709445,Fear,Fear,33,0.9650793650793651
2025-03-04,2402,16,11124247.15,182075.566585,4631.24360949209,1748,654,2.672782874617737,Extreme Fear,Fear,15,0.7444987775061125
2025-03-05,1660,13,9193654.22,269328.365917,5538.345915662651,375,1285,0.2918287937743191,Extreme Fear,Fear,20,0.9843627834245504
2025-03-06,760,12,6765324.96,16101.125561,8901.743368421052,371,389,0.9537275064267352,Fear,Fear,25,0.9554973821989529
2025-03-07,2552,14,19854275.48,150236.061627,7779.888510971787,1227,1325,0.9260377358490566,Fear,Fear,34,0.9315164220824598
2025-03-08,529,13,892083.51,24700.773359,1686.3582419659735,288,241,1.1950207468879668,Fear,Fear,28,0.9933993399339934
2025-03-09,1422,12,10419697.99,19773.457395,7327.495070323488,947,475,1.9936842105263157,Fear,Fear,27,1.0
2025-03-10,2911,14,16811790.68,-10010.027269999999,5775.263029886637,1570,1341,1.1707680835197614,Extreme Fear,Fear,20,0.8673163418290855
2025-03-11,3286,16,14016952.09,-76880.729036,4265.657970176507,2120,1166,1.8181818181818181,Extreme Fear,Fear,24,0.5146198830409356
2025-03-12,3968,13,18618139.15,288105.984215,4692.071358366935,1647,2321,0.7096079276174063,Fear,Fear,34,0.9601371624517788
2025-03-13,962,13,3285591.22,14114.870873,3415.375488565489,468,494,0.9473684210526315,Neutral,Neutral,45,0.8979591836734694
2025-03-14,2210,10,8047187.16,68646.160089,3641.261158371041,297,1913,0.15525352848928384,Fear,Fear,27,0.981789802289282
2025-03-15,261,8,2355749.54,78694.624572,9025.86030651341,154,107,1.439252336448598,Neutral,Neutral,46,0.8201058201058201
2025-03-16,530,8,10187921.51,-7910.943544999999,19222.49341509434,304,226,1.345132743362832,Fear,Fear,30,0.5590909090909091
2025-03-17,920,11,3592895.05,26163.906513,3905.320706521739,483,437,1.105263157894737,Fear,Fear,32,0.8633540372670807
2025-03-18,834,13,4050655.47,72322.788824,4856.901043165468,341,493,0.691683569979716,Fear,Fear,34,0.7642276422764228
2025-03-19,1612,12,4598813.57,29374.682341,2852.8620161290323,563,1049,0.5367016205910391,Fear,Fear,32,0.8658064516129033
2025-03-20,771,13,1652257.93,10246.859436,2143.0063942931256,238,533,0.44652908067542213,Neutral,Neutral,49,0.7159090909090909
2025-03-21,698,9,2543903.39,6951.270374,3644.560730659026,346,352,0.9829545454545454,Fear,Fear,31,1.0
2025-03-22,535,8,971809.42,12498.535254,1816.4662056074767,222,313,0.7092651757188498,Fear,Fear,32,0.7673716012084593
2025-03-23,447,10,2593519.67,14047.421585,5802.057427293064,290,157,1.8471337579617835,Fear,Fear,30,1.0
2025-03-24,1027,13,3017587.05,107878.961301,2938.254186952288,213,814,0.2616707616707617,Neutral,Neutral,45,0.9418777943368107
2025-03-25,791,13,5372519.77,32030.90678,6792.060391908975,422,369,1.1436314363143631,Neutral,Neutral,46,0.7333333333333333
2025-03-26,3102,17,7597754.37,15802.167427,2449.30830754352,1574,1528,1.030104712041885,Neutral,Neutral,47,0.5197775030902348
2025-03-27,785,11,3240279.46,58825.359221,4127.744535031847,474,311,1.5241157556270097,Fear,Fear,40,0.9886792452830189
2025-03-28,728,11,1483092.61,21337.179335,2037.2151236263737,533,195,2.7333333333333334,Fear,Fear,44,0.9871794871794872
2025-03-29,1894,10,3668151.83,12098.872931,1936.7221911298839,997,897,1.1114827201783724,Fear,Fear,26,0.7170212765957447
2025-03-30,568,9,2850874.96,15795.11514,5019.146056338028,478,90,5.311111111111111,Fear,Fear,32,0.8867924528301887
2025-03-31,495,12,2164772.4699999997,6978.184557,4373.277717171717,214,281,0.7615658362989324,Fear,Fear,34,0.886986301369863
2025-04-01,192,9,704445.1900000001,-2202.6622420000003,3668.9853645833336,92,100,0.92,Fear,Fear,34,0.7213114754098361
2025-04-02,1076,11,3867930.6,202212.740938,3594.7310408921935,128,948,0.1350210970464135,Fear,Fear,44,0.9989626556016598
2025-04-03,1748,17,8670233.15,-2365.961276,4960.087614416476,956,792,1.207070707070707,Fear,Fear,25,0.8201892744479495
2025-04-04,1272,14,3835545.73,-25515.678949999998,3015.3661399371067,499,773,0.6455368693402329,Fear,Fear,28,0.7155297532656023
2025-04-05,360,10,1267564.22,35907.33771,3521.011722222222,138,222,0.6216216216216216,Fear,Fear,30,0.9720930232558139
2025-04-06,1048,14,3551252.06,47053.449272,3388.59929389313,678,370,1.8324324324324324,Fear,Fear,34,0.9595375722543352
2025-04-07,2814,18,14460253.14,34527.370305,5138.682707889126,1415,1399,1.0114367405289493,Extreme Fear,Fear,23,0.5328582739509106
2025-04-08,943,17,8869391.4,34899.394798,9405.505196182397,430,513,0.8382066276803118,Extreme Fear,Fear,24,0.8373101952277657
2025-04-09,3967,20,28556806.47,43120.444797,7198.589984875221,1764,2203,0.8007262823422605,Extreme Fear,Fear,18,0.7679856115107914
2025-04-10,2127,19,28741953.29,158261.822261,13512.90704748472,1137,990,1.1484848484848484,Fear,Fear,39,0.845229151014275
2025-04-11,1096,16,11319327.07,126406.479081,10327.853166058394,312,784,0.3979591836734694,Fear,Fear,25,0.8123620309050773
2025-04-12,2109,20,55914617.49,410419.694533,26512.383826458037,800,1309,0.6111535523300229,Fear,Fear,43,0.7961165048543689
2025-04-13,1321,17,14171154.79,48696.021521,10727.596358819075,739,582,1.2697594501718212,Neutral,Neutral,45,0.8445229681978799
2025-04-14,890,14,13079972.98,45680.443063,14696.598853932584,517,373,1.386058981233244,Fear,Fear,31,0.8995215311004785
2025-04-15,1131,14,20752168.24,72357.706282,18348.51303271441,344,787,0.4371029224904701,Fear,Fear,38,0.9923312883435583
2025-04-16,1608,17,36502715.9,58631.730257,22700.69396766169,835,773,1.0802069857697283,Fear,Fear,29,0.677819083023544
2025-04-17,1031,12,2604551.51,5427.919886,2526.238128031038,341,690,0.49420289855072463,Fear,Fear,30,0.8482384823848238
2025-04-18,1894,12,24610650.46,4880.4047439999995,12994.007634635693,755,1139,0.6628621597892889,Fear,Fear,33,0.9788306451612904
2025-04-19,2786,15,32706462.71,71950.577495,11739.577426417804,999,1787,0.5590374930050364,Fear,Fear,32,0.7964774951076321
2025-04-20,1982,12,12126094.05,25060.341936,6118.110015136226,1079,903,1.194905869324474,Fear,Fear,37,0.8212058212058212
2025-04-21,1718,14,42104054.84,34369.267906999994,24507.598859138536,604,1114,0.5421903052064632,Fear,Fear,39,0.7946009389671361
2025-04-22,2998,15,33753625.24,58652.763578,11258.714222815212,1420,1578,0.899873257287706,Neutral,Neutral,47,0.6894409937888198
2025-04-23,6159,19,30682443.79,-419020.225731,4981.72492125345,4218,1941,2.1731066460587325,Greed,Greed,72,0.48320850446967867
2025-04-24,2232,15,35088918.64,50704.395965,15720.841684587815,1223,1009,1.2120911793855302,Greed,Greed,63,0.7782462057335582
2025-04-25,1653,16,27749455.78,20218.859206,16787.32957047792,681,972,0.7006172839506173,Greed,Greed,60,0.873972602739726
2025-04-26,1131,12,11948127.77,-4125.753942,10564.215534924844,604,527,1.146110056925996,Greed,Greed,65,0.3532608695652174
2025-04-27,337,9,487537.69,2702.067468,1446.6993768545994,209,128,1.6328125,Greed,Greed,61,0.7361963190184049
2025-04-28,1379,8,26124921.49,36906.813759,18944.83066715011,652,727,0.8968363136176066,Neutral,Neutral,54,0.796398891966759
2025-04-29,2243,7,34089511.66,125749.613427,15198.177289344627,1105,1138,0.9710017574692443,Greed,Greed,60,0.937137330754352
2025-04-30,1113,8,12693878.85,14003.797269,11405.10229110512,838,275,3.0472727272727274,Greed,Greed,56,0.8966565349544073
2025-05-01,1230,11,10720240.52,54536.829297000004,8715.642699186992,686,544,1.2610294117647058,Neutral,Neutral,53,0.7863501483679525
